{
  "_fv": 39,
  "_type": "tool",
  "definition": {
    "renderType": 0,
    "texture": "drill",
    "customModelName": "Normal",
    "name": "Drill",
    "specialInfo": [],
    "creativeTab": {
      "value": "CUSTOM:Creativeworldtools"
    },
    "toolType": "MultiTool",
    "harvestLevel": 2,
    "efficiency": 7.0,
    "attackSpeed": 1.0,
    "enchantability": 2,
    "damageVsEntity": 8.0,
    "usageCount": 256,
    "blocksAffected": [],
    "hasGlow": false,
    "repairItems": [],
    "immuneToFire": false,
    "stayInGridWhenCrafting": false,
    "damageOnCrafting": false
  }
}