{
  "_fv": 39,
  "_type": "overlay",
  "definition": {
    "priority": "NORMAL",
    "components": [
      {
        "type": "image",
        "data": {
          "image": "jetpack_e_l.png",
          "use1Xscale": false,
          "x": 60,
          "y": 233
        }
      },
      {
        "type": "image",
        "data": {
          "image": "l_energy_jp.png",
          "use1Xscale": false,
          "x": 78,
          "y": 224
        }
      }
    ],
    "baseTexture": "",
    "overlayTarget": "Ingame",
    "displayCondition": {
      "name": "Hklklh"
    },
    "gridSettings": {
      "sx": 18,
      "sy": 18,
      "ox": 11,
      "oy": 15,
      "snapOnGrid": true
    }
  }
}