{
  "_fv": 39,
  "_type": "gui",
  "definition": {
    "type": 1,
    "width": 176,
    "height": 166,
    "inventoryOffsetX": 0,
    "inventoryOffsetY": 0,
    "renderBgLayer": true,
    "doesPauseGame": false,
    "components": [
      {
        "type": "outputslot",
        "data": {
          "id": 0,
          "disablePickup": {
            "fixedValue": false
          },
          "dropItemsWhenNotBound": true,
          "x": 177,
          "y": 53
        }
      },
      {
        "type": "inputslot",
        "data": {
          "inputLimit": {
            "value": ""
          },
          "disablePlacement": {
            "fixedValue": false
          },
          "id": 1,
          "disablePickup": {
            "fixedValue": false
          },
          "dropItemsWhenNotBound": true,
          "x": 177,
          "y": 89
        }
      },
      {
        "type": "image",
        "data": {
          "image": "imgonline-com-ua-transparent-backgr-otc7jv5tgcy9qio.png",
          "use1Xscale": false,
          "x": 222,
          "y": 53
        }
      },
      {
        "type": "image",
        "data": {
          "image": "hdugfbg.png",
          "use1Xscale": false,
          "x": 177,
          "y": 71
        }
      },
      {
        "type": "image",
        "data": {
          "image": "gui_element_1_1.png",
          "use1Xscale": false,
          "x": 112,
          "y": 37
        }
      },
      {
        "type": "button",
        "data": {
          "name": "button_empty",
          "text": "!",
          "width": 30,
          "height": 20,
          "x": 112,
          "y": 18
        }
      }
    ],
    "gridSettings": {
      "sx": 18,
      "sy": 18,
      "ox": 11,
      "oy": 15,
      "snapOnGrid": false
    }
  }
}