{
  "_fv": 39,
  "_type": "item",
  "definition": {
    "renderType": 0,
    "texture": "edfdgfg",
    "customModelName": "Normal",
    "name": "Sdfghn",
    "rarity": "RARE",
    "creativeTab": {
      "value": "CUSTOM:Creativeworlditems"
    },
    "stackSize": 1,
    "enchantability": 0,
    "useDuration": 64,
    "toolType": 0.0,
    "damageCount": 0,
    "recipeRemainder": {
      "value": ""
    },
    "destroyAnyBlock": false,
    "immuneToFire": false,
    "stayInGridWhenCrafting": false,
    "damageOnCrafting": false,
    "enableMeleeDamage": false,
    "damageVsEntity": 0.0,
    "specialInfo": [],
    "hasGlow": false,
    "guiBoundTo": "<NONE>",
    "inventorySize": 9,
    "inventoryStackSize": 64,
    "isFood": true,
    "nutritionalValue": 100,
    "saturation": 100.0,
    "eatResultItem": {
      "value": "CUSTOM:Thecoreofmatter"
    },
    "isMeat": true,
    "isAlwaysEdible": true,
    "animation": "eat"
  }
}