{
  "variants": {
    "facing=north": {
      "model": "creative_world:block/tinwire"
    },
    "facing=east": {
      "model": "creative_world:block/tinwire",
      "y": 90
    },
    "facing=south": {
      "model": "creative_world:block/tinwire",
      "y": 180
    },
    "facing=west": {
      "model": "creative_world:block/tinwire",
      "y": 270
    },
    "facing=up": {
      "model": "creative_world:block/tinwire",
      "x": 270
    },
    "facing=down": {
      "model": "creative_world:block/tinwire",
      "x": 90
    }
  }
}