{
  "_fv": 28,
  "_type": "gui",
  "definition": {
    "type": 1,
    "width": 176,
    "height": 166,
    "inventoryOffsetX": 0,
    "inventoryOffsetY": 0,
    "renderBgLayer": true,
    "doesPauseGame": false,
    "components": [
      {
        "type": "outputslot",
        "data": {
          "id": 0,
          "disableStackInteraction": false,
          "dropItemsWhenNotBound": true,
          "name": "Slot #0",
          "x": 177,
          "y": 53
        }
      },
      {
        "type": "inputslot",
        "data": {
          "inputLimit": {
            "value": ""
          },
          "id": 1,
          "disableStackInteraction": false,
          "dropItemsWhenNotBound": true,
          "name": "Slot #1",
          "x": 177,
          "y": 89
        }
      },
      {
        "type": "image",
        "data": {
          "image": "imgonline-com-ua-transparent-backgr-otc7jv5tgcy9qio.png",
          "use1Xscale": false,
          "name": "imgonline-com-ua-transparent-backgr-otc7jv5tgcy9qio.png",
          "x": 222,
          "y": 53
        }
      },
      {
        "type": "image",
        "data": {
          "image": "hdugfbg.png",
          "use1Xscale": false,
          "name": "hdugfbg.png",
          "x": 177,
          "y": 71
        }
      }
    ],
    "gridSettings": {
      "sx": 18,
      "sy": 18,
      "ox": 11,
      "oy": 15,
      "snapOnGrid": false
    }
  }
}