{
  "_fv": 34,
  "_type": "tool",
  "definition": {
    "renderType": 0,
    "texture": "ytghfg",
    "customModelName": "Normal",
    "name": "Bedrock breaker",
    "specialInfo": [
      "destroy bedrock"
    ],
    "creativeTab": {
      "value": "CUSTOM:Creativeworldtools"
    },
    "toolType": "Pickaxe",
    "harvestLevel": 4,
    "efficiency": 10.0,
    "attackSpeed": 1.6,
    "enchantability": 20,
    "damageVsEntity": 7.0,
    "usageCount": 5,
    "blocksAffected": [],
    "hasGlow": false,
    "repairItems": [
      {
        "value": "Blocks.CRYING_OBSIDIAN"
      },
      {
        "value": "Items.DIAMOND"
      }
    ],
    "immuneToFire": true,
    "stayInGridWhenCrafting": false,
    "damageOnCrafting": false,
    "onRightClickedOnBlock": {
      "name": "BedrockbreackerPriShchielchkiePravoiKnopkoiMyshiNaBlokie"
    }
  }
}