{
  "_fv": 43,
  "_type": "recipe",
  "definition": {
    "recipeType": "Crafting",
    "recipeRetstackSize": 1,
    "group": "",
    "cookingBookCategory": "MISC",
    "xpReward": 0.0,
    "cookingTime": 200,
    "craftingBookCategory": "MISC",
    "recipeShapeless": false,
    "recipeSlots": [
      {
        "value": "CUSTOM:Electricalcircuit"
      },
      {
        "value": "CUSTOM:Creatingcore"
      },
      {
        "value": "CUSTOM:Electricalcircuit"
      },
      {
        "value": "CUSTOM:AccumulatiumIngot"
      },
      {
        "value": "CUSTOM:Electricjetpack.body"
      },
      {
        "value": "CUSTOM:AccumulatiumIngot"
      },
      {
        "value": "CUSTOM:CreativiumIngot"
      },
      {
        "value": "Items.NETHER_STAR"
      },
      {
        "value": "CUSTOM:CreativiumIngot"
      }
    ],
    "recipeReturnStack": {
      "value": "CUSTOM:Advancedelectricjetpack.body"
    },
    "name": "aejetpackcraft",
    "namespace": "mod"
  }
}