{
  "_fv": 43,
  "_type": "tool",
  "definition": {
    "renderType": 0,
    "texture": "copper_axe",
    "customModelName": "Normal",
    "name": "Copper Axe",
    "specialInfo": [],
    "creativeTab": {
      "value": "CUSTOM:Creativeworldtools"
    },
    "toolType": "Axe",
    "harvestLevel": 2,
    "efficiency": 6.0,
    "attackSpeed": 0.9,
    "enchantability": 13,
    "damageVsEntity": 9.0,
    "usageCount": 216,
    "blocksAffected": [],
    "hasGlow": false,
    "repairItems": [],
    "immuneToFire": false,
    "stayInGridWhenCrafting": false,
    "damageOnCrafting": false
  }
}