{
  "_fv": 43,
  "_type": "recipe",
  "definition": {
    "recipeType": "Smelting",
    "recipeRetstackSize": 1,
    "group": "",
    "cookingBookCategory": "MISC",
    "xpReward": 5.6,
    "cookingTime": 200,
    "craftingBookCategory": "MISC",
    "recipeShapeless": false,
    "recipeSlots": [
      {
        "value": ""
      },
      {
        "value": ""
      },
      {
        "value": ""
      },
      {
        "value": ""
      },
      {
        "value": ""
      },
      {
        "value": ""
      },
      {
        "value": ""
      },
      {
        "value": ""
      },
      {
        "value": ""
      }
    ],
    "recipeReturnStack": {
      "value": ""
    },
    "smeltingInputStack": {
      "value": "CUSTOM:CreativiumOre"
    },
    "smeltingReturnStack": {
      "value": "CUSTOM:CreativiumIngot"
    },
    "name": "creativium_ore_smelting",
    "namespace": "mod"
  }
}