{
  "_fv": 43,
  "_type": "gui",
  "definition": {
    "type": 1,
    "width": 176,
    "height": 166,
    "inventoryOffsetX": 0,
    "inventoryOffsetY": 0,
    "renderBgLayer": true,
    "doesPauseGame": false,
    "components": [
      {
        "type": "outputslot",
        "data": {
          "id": 0,
          "disablePickup": {
            "fixedValue": false
          },
          "dropItemsWhenNotBound": true,
          "x": 177,
          "y": 53
        }
      },
      {
        "type": "inputslot",
        "data": {
          "inputLimit": {
            "value": ""
          },
          "disablePlacement": {
            "fixedValue": false
          },
          "id": 1,
          "disablePickup": {
            "fixedValue": false
          },
          "dropItemsWhenNotBound": true,
          "x": 177,
          "y": 89
        }
      },
      {
        "type": "image",
        "data": {
          "image": "hfgfgf.png",
          "use1Xscale": false,
          "x": 443,
          "y": 223
        }
      },
      {
        "type": "label",
        "data": {
          "name": "label_energy",
          "text": {
            "fixedValue": "<energy>"
          },
          "color": {
            "value": -12829636,
            "falpha": 0.0
          },
          "x": 537,
          "y": 206
        }
      },
      {
        "type": "label",
        "data": {
          "name": "label_fe",
          "text": {
            "fixedValue": "FE"
          },
          "color": {
            "value": -12829636,
            "falpha": 0.0
          },
          "x": 573,
          "y": 206
        }
      }
    ],
    "gridSettings": {
      "sx": 18,
      "sy": 18,
      "ox": 11,
      "oy": 15,
      "snapOnGrid": true
    }
  }
}