{
  "_fv": 43,
  "_type": "recipe",
  "definition": {
    "recipeType": "Crafting",
    "recipeRetstackSize": 1,
    "group": "",
    "cookingBookCategory": "MISC",
    "xpReward": 0.0,
    "cookingTime": 200,
    "craftingBookCategory": "MISC",
    "recipeShapeless": false,
    "recipeSlots": [
      {
        "value": "Items.REDSTONE"
      },
      {
        "value": "Blocks.GOLD_BLOCK"
      },
      {
        "value": "Items.REDSTONE"
      },
      {
        "value": "Blocks.IRON_BLOCK"
      },
      {
        "value": "Blocks.DIAMOND_BLOCK"
      },
      {
        "value": "Blocks.IRON_BLOCK"
      },
      {
        "value": "Items.REDSTONE"
      },
      {
        "value": "Blocks.GOLD_BLOCK"
      },
      {
        "value": "Items.REDSTONE"
      }
    ],
    "recipeReturnStack": {
      "value": "CUSTOM:Thecoreoftheformation"
    },
    "name": "gfg",
    "namespace": "mod"
  }
}