{
  "_fv": 39,
  "_type": "armor",
  "definition": {
    "enableHelmet": false,
    "textureHelmet": "",
    "enableBody": true,
    "textureBody": "a_e_jetpack",
    "enableLeggings": false,
    "textureLeggings": "",
    "enableBoots": false,
    "textureBoots": "",
    "onBodyTick": {
      "name": "AdvancedelectricjetpackSobytiieTaktovKirasy"
    },
    "creativeTab": {
      "value": "CUSTOM:Creativeworldcombat"
    },
    "armorTextureFile": "apvkie",
    "helmetName": "Advancedelectricjetpack Шлем",
    "bodyName": "Advancedelectricjetpack Кираса",
    "leggingsName": "Advancedelectricjetpack Поножи",
    "bootsName": "Advancedelectricjetpack Ботинки",
    "helmetSpecialInfo": [],
    "bodySpecialInfo": [],
    "leggingsSpecialInfo": [],
    "bootsSpecialInfo": [],
    "helmetModelName": "Default",
    "helmetModelPart": "Helmet",
    "helmetModelTexture": "From armor",
    "bodyModelName": "Default",
    "bodyModelPart": "Body",
    "armsModelPartL": "Arms L",
    "armsModelPartR": "Arms R",
    "bodyModelTexture": "From armor",
    "leggingsModelName": "Default",
    "leggingsModelPartL": "Leggings L",
    "leggingsModelPartR": "Leggings R",
    "leggingsModelTexture": "From armor",
    "bootsModelName": "Default",
    "bootsModelPartL": "Boots L",
    "bootsModelPartR": "Boots R",
    "bootsModelTexture": "From armor",
    "helmetItemRenderType": 0,
    "helmetItemCustomModelName": "Normal",
    "bodyItemRenderType": 0,
    "bodyItemCustomModelName": "Normal",
    "leggingsItemRenderType": 0,
    "leggingsItemCustomModelName": "Normal",
    "bootsItemRenderType": 0,
    "bootsItemCustomModelName": "Normal",
    "helmetImmuneToFire": false,
    "bodyImmuneToFire": false,
    "leggingsImmuneToFire": false,
    "bootsImmuneToFire": false,
    "maxDamage": 200,
    "damageValueHelmet": 2,
    "damageValueBody": 6,
    "damageValueLeggings": 5,
    "damageValueBoots": 2,
    "enchantability": 9,
    "toughness": 4.0,
    "knockbackResistance": 0.5,
    "equipSound": {
      "value": ""
    },
    "repairItems": [
      {
        "value": "CUSTOM:Electricalcircuit"
      }
    ]
  }
}