{
  "_fv": 39,
  "_type": "recipe",
  "definition": {
    "recipeType": "Crafting",
    "xpReward": 0.0,
    "cookingTime": 200,
    "recipeRetstackSize": 1,
    "group": "",
    "recipeShapeless": false,
    "recipeSlots": [
      {
        "value": ""
      },
      {
        "value": ""
      },
      {
        "value": ""
      },
      {
        "value": "CUSTOM:Solarpanel"
      },
      {
        "value": "CUSTOM:Batteryblock"
      },
      {
        "value": "CUSTOM:Solarpanel"
      },
      {
        "value": "CUSTOM:Electricalcircuit"
      },
      {
        "value": "CUSTOM:Advencedmachinecase"
      },
      {
        "value": "CUSTOM:Electricalcircuit"
      }
    ],
    "recipeReturnStack": {
      "value": "CUSTOM:Advencedsolarpanel"
    },
    "name": "advencedsolarpanelcraft",
    "namespace": "mod"
  }
}