{
  "_fv": 39,
  "_type": "tool",
  "definition": {
    "renderType": 0,
    "texture": "copper_sword",
    "customModelName": "Normal",
    "name": "Copper Sword",
    "specialInfo": [],
    "creativeTab": {
      "value": "CUSTOM:Creativeworldcombat"
    },
    "toolType": "Sword",
    "harvestLevel": 2,
    "efficiency": 6.0,
    "attackSpeed": 1.0,
    "enchantability": 13,
    "damageVsEntity": 2.0,
    "usageCount": 216,
    "blocksAffected": [],
    "hasGlow": false,
    "repairItems": [],
    "immuneToFire": false,
    "stayInGridWhenCrafting": false,
    "damageOnCrafting": false
  }
}