{
  "_fv": 33,
  "_type": "tool",
  "definition": {
    "renderType": 0,
    "texture": "accumulatium_sword",
    "customModelName": "Normal",
    "name": "Accumulatium Sword",
    "specialInfo": [],
    "creativeTab": {
      "value": "CUSTOM:CreativeWor1d"
    },
    "toolType": "Sword",
    "harvestLevel": 12,
    "efficiency": 18.0,
    "attackSpeed": 1.0,
    "enchantability": 84,
    "damageVsEntity": 36.0,
    "usageCount": 1675,
    "blocksAffected": [],
    "hasGlow": false,
    "repairItems": [
      {
        "value": "CUSTOM:AccumulatiumIngot"
      }
    ],
    "immuneToFire": false,
    "stayInGridWhenCrafting": false,
    "damageOnCrafting": false
  }
}