{
  "_fv": 33,
  "_type": "recipe",
  "definition": {
    "recipeType": "Crafting",
    "xpReward": 0.0,
    "cookingTime": 200,
    "recipeRetstackSize": 1,
    "group": "",
    "recipeShapeless": false,
    "recipeSlots": [
      {
        "value": "Items.NETHERITE_INGOT"
      },
      {
        "value": "Blocks.DIAMOND_BLOCK"
      },
      {
        "value": "Items.NETHERITE_INGOT"
      },
      {
        "value": "Blocks.IRON_BLOCK"
      },
      {
        "value": "CUSTOM:Endlesswatersource"
      },
      {
        "value": "Blocks.IRON_BLOCK"
      },
      {
        "value": "Items.NETHERITE_INGOT"
      },
      {
        "value": "Blocks.DIAMOND_BLOCK"
      },
      {
        "value": "Items.NETHERITE_INGOT"
      }
    ],
    "recipeReturnStack": {
      "value": "CUSTOM:Thecoreofmatter"
    },
    "name": "gfdfgfgfg",
    "namespace": "mod"
  }
}