{
  "_fv": 33,
  "_type": "tool",
  "definition": {
    "renderType": 0,
    "texture": "rtrg",
    "customModelName": "Normal",
    "name": "Iron wrench",
    "specialInfo": [],
    "creativeTab": {
      "value": "CUSTOM:CreativeWor1d"
    },
    "toolType": "Special",
    "harvestLevel": 0,
    "efficiency": 1000.0,
    "attackSpeed": 1.0,
    "enchantability": 2,
    "damageVsEntity": 7.0,
    "usageCount": 200,
    "blocksAffected": [],
    "hasGlow": false,
    "repairItems": [
      {
        "value": "Items.IRON_INGOT"
      }
    ],
    "immuneToFire": false,
    "stayInGridWhenCrafting": true,
    "damageOnCrafting": true,
    "onRightClickedOnBlock": {
      "name": "IronwrenchKoghdaNazhataPKMPoBloku"
    }
  }
}