{
  "_fv": 33,
  "_type": "recipe",
  "definition": {
    "recipeType": "Crafting",
    "xpReward": 0.0,
    "cookingTime": 200,
    "recipeRetstackSize": 4,
    "group": "",
    "recipeShapeless": true,
    "recipeSlots": [
      {
        "value": "CUSTOM:Washedcrushedcopperore"
      },
      {
        "value": "CUSTOM:Washedcrushedcopperore"
      },
      {
        "value": ""
      },
      {
        "value": "CUSTOM:Washedcrushedcopperore"
      },
      {
        "value": "CUSTOM:Washedcrushedtinore"
      },
      {
        "value": ""
      },
      {
        "value": ""
      },
      {
        "value": ""
      },
      {
        "value": ""
      }
    ],
    "recipeReturnStack": {
      "value": "CUSTOM:Bronzedust"
    },
    "name": "qwertyuhjtcf",
    "namespace": "mod"
  }
}