{
  "_fv": 33,
  "_type": "recipe",
  "definition": {
    "recipeType": "Crafting",
    "xpReward": 0.0,
    "cookingTime": 200,
    "recipeRetstackSize": 1,
    "group": "",
    "recipeShapeless": false,
    "recipeSlots": [
      {
        "value": "CUSTOM:Coaldust"
      },
      {
        "value": "Blocks.GLASS"
      },
      {
        "value": "CUSTOM:Coaldust"
      },
      {
        "value": "Blocks.GLASS"
      },
      {
        "value": "CUSTOM:Coaldust"
      },
      {
        "value": "Blocks.GLASS"
      },
      {
        "value": "CUSTOM:Electricalcircuit"
      },
      {
        "value": "CUSTOM:Coalgenerator"
      },
      {
        "value": "CUSTOM:Electricalcircuit"
      }
    ],
    "recipeReturnStack": {
      "value": "CUSTOM:Solarpanel"
    },
    "name": "solarpanelcraft",
    "namespace": "mod"
  }
}