{
  "_fv": 33,
  "_type": "tool",
  "definition": {
    "renderType": 0,
    "texture": "tin_shovel",
    "customModelName": "Normal",
    "name": "Tin Shovel",
    "specialInfo": [],
    "creativeTab": {
      "value": "CUSTOM:CreativeWor1d"
    },
    "toolType": "Spade",
    "harvestLevel": 2,
    "efficiency": 5.0,
    "attackSpeed": 1.0,
    "enchantability": 11,
    "damageVsEntity": 2.0,
    "usageCount": 183,
    "blocksAffected": [],
    "hasGlow": false,
    "repairItems": [
      {
        "value": "CUSTOM:TinIngot"
      }
    ],
    "immuneToFire": false,
    "stayInGridWhenCrafting": false,
    "damageOnCrafting": false
  }
}