{
  "_fv": 33,
  "_type": "armor",
  "definition": {
    "enableHelmet": true,
    "textureHelmet": "titan_head",
    "enableBody": true,
    "textureBody": "titan_body",
    "enableLeggings": true,
    "textureLeggings": "titan_leggings",
    "enableBoots": true,
    "textureBoots": "titan_boots",
    "creativeTab": {
      "value": "COMBAT"
    },
    "armorTextureFile": "titan",
    "helmetName": "Titan Helmet",
    "bodyName": "Titan Chestplate",
    "leggingsName": "Titan Leggings",
    "bootsName": "Titan Boots",
    "helmetSpecialInfo": [],
    "bodySpecialInfo": [],
    "leggingsSpecialInfo": [],
    "bootsSpecialInfo": [],
    "helmetModelName": "Default",
    "helmetModelPart": "Helmet",
    "helmetModelTexture": "From armor",
    "bodyModelName": "Default",
    "bodyModelPart": "Body",
    "armsModelPartL": "Arms L",
    "armsModelPartR": "Arms R",
    "bodyModelTexture": "From armor",
    "leggingsModelName": "Default",
    "leggingsModelPartL": "Leggings L",
    "leggingsModelPartR": "Leggings R",
    "leggingsModelTexture": "From armor",
    "bootsModelName": "Default",
    "bootsModelPartL": "Boots L",
    "bootsModelPartR": "Boots R",
    "bootsModelTexture": "From armor",
    "helmetImmuneToFire": false,
    "bodyImmuneToFire": false,
    "leggingsImmuneToFire": false,
    "bootsImmuneToFire": false,
    "maxDamage": 75,
    "damageValueHelmet": 10,
    "damageValueBody": 25,
    "damageValueLeggings": 30,
    "damageValueBoots": 10,
    "enchantability": 45,
    "toughness": 0.0,
    "knockbackResistance": 0.0,
    "equipSound": {
      "value": ""
    },
    "repairItems": [
      {
        "value": "CUSTOM:TitanIngot"
      }
    ]
  }
}