{
  "_fv": 33,
  "_type": "recipe",
  "definition": {
    "recipeType": "Crafting",
    "xpReward": 0.0,
    "cookingTime": 200,
    "recipeRetstackSize": 1,
    "group": "",
    "recipeShapeless": false,
    "recipeSlots": [
      {
        "value": "CUSTOM:Coppernugget"
      },
      {
        "value": "CUSTOM:Coppernugget"
      },
      {
        "value": "CUSTOM:Coppernugget"
      },
      {
        "value": "CUSTOM:Coppernugget"
      },
      {
        "value": "CUSTOM:Coppernugget"
      },
      {
        "value": "CUSTOM:Coppernugget"
      },
      {
        "value": "CUSTOM:Coppernugget"
      },
      {
        "value": "CUSTOM:Coppernugget"
      },
      {
        "value": "CUSTOM:Coppernugget"
      }
    ],
    "recipeReturnStack": {
      "value": "Items.COPPER_INGOT"
    },
    "name": "zfdgfdfs",
    "namespace": "mod"
  }
}