{
  "_fv": 45,
  "_type": "tool",
  "definition": {
    "toolType": "Spade",
    "renderType": 0,
    "texture": "accumulatium_shovel",
    "customModelName": "Normal",
    "name": "Accumulatium Shovel",
    "specialInfo": [],
    "creativeTab": {
      "value": "CUSTOM:Creativeworldtools"
    },
    "harvestLevel": 12,
    "efficiency": 18.0,
    "attackSpeed": 1.2,
    "enchantability": 84,
    "damageVsEntity": 12.0,
    "usageCount": 1675,
    "blocksAffected": [],
    "hasGlow": false,
    "repairItems": [
      {
        "value": "CUSTOM:AccumulatiumIngot"
      }
    ],
    "immuneToFire": false,
    "stayInGridWhenCrafting": false,
    "damageOnCrafting": false
  }
}