{
  "_fv": 45,
  "_type": "recipe",
  "definition": {
    "recipeType": "Smelting",
    "recipeRetstackSize": 1,
    "group": "",
    "cookingBookCategory": "MISC",
    "xpReward": 4.199999999999999,
    "cookingTime": 200,
    "craftingBookCategory": "MISC",
    "recipeShapeless": false,
    "recipeSlots": [
      {
        "value": ""
      },
      {
        "value": ""
      },
      {
        "value": ""
      },
      {
        "value": ""
      },
      {
        "value": ""
      },
      {
        "value": ""
      },
      {
        "value": ""
      },
      {
        "value": ""
      },
      {
        "value": ""
      }
    ],
    "recipeReturnStack": {
      "value": ""
    },
    "smeltingInputStack": {
      "value": "CUSTOM:AccumulatiumOre"
    },
    "smeltingReturnStack": {
      "value": "CUSTOM:AccumulatiumIngot"
    },
    "name": "accumulatium_ore_smelting",
    "namespace": "mod"
  }
}