{
  "_fv": 45,
  "_type": "tool",
  "definition": {
    "toolType": "MultiTool",
    "renderType": 0,
    "texture": "advanced_drill",
    "customModelName": "Normal",
    "name": "Advanced drill",
    "specialInfo": [
      "§cdoes not work correctly (in development)"
    ],
    "creativeTab": {
      "value": "CUSTOM:Creativeworldtools"
    },
    "harvestLevel": 3,
    "efficiency": 11.0,
    "attackSpeed": 1.2,
    "enchantability": 5,
    "damageVsEntity": 9.0,
    "usageCount": 2048,
    "blocksAffected": [],
    "hasGlow": false,
    "repairItems": [],
    "immuneToFire": false,
    "stayInGridWhenCrafting": false,
    "damageOnCrafting": false
  }
}