{
  "_fv": 45,
  "_type": "tool",
  "definition": {
    "toolType": "Sword",
    "renderType": 0,
    "texture": "composite_plate_tool_sword",
    "customModelName": "Normal",
    "name": "Composite_plate_tool Sword",
    "specialInfo": [],
    "creativeTab": {
      "value": "CUSTOM:Creativeworldcombat"
    },
    "harvestLevel": 6,
    "efficiency": 12.0,
    "attackSpeed": 2.0,
    "enchantability": 42,
    "damageVsEntity": 7.0,
    "usageCount": 1164,
    "blocksAffected": [],
    "hasGlow": false,
    "repairItems": [
      {
        "value": "CUSTOM:Compositeplate"
      }
    ],
    "immuneToFire": false,
    "stayInGridWhenCrafting": false,
    "damageOnCrafting": false
  }
}