{
  "_fv": 45,
  "_type": "tool",
  "definition": {
    "toolType": "Pickaxe",
    "renderType": 0,
    "texture": "creativium_pickaxe",
    "customModelName": "Normal",
    "name": "Creativium Pickaxe",
    "specialInfo": [],
    "creativeTab": {
      "value": "CUSTOM:Creativeworldtools"
    },
    "harvestLevel": 16,
    "efficiency": 21.0,
    "attackSpeed": 1.2000000000000002,
    "enchantability": 110,
    "damageVsEntity": 16.0,
    "usageCount": 4595,
    "blocksAffected": [],
    "hasGlow": false,
    "repairItems": [
      {
        "value": "CUSTOM:CreativiumIngot"
      }
    ],
    "immuneToFire": true,
    "stayInGridWhenCrafting": false,
    "damageOnCrafting": false
  }
}