{
  "_fv": 45,
  "_type": "tool",
  "definition": {
    "toolType": "MultiTool",
    "renderType": 0,
    "texture": "drill",
    "customModelName": "Normal",
    "name": "Drill",
    "specialInfo": [
      "§cdoes not work correctly (in development)"
    ],
    "creativeTab": {
      "value": "CUSTOM:Creativeworldtools"
    },
    "harvestLevel": 2,
    "efficiency": 7.0,
    "attackSpeed": 1.0,
    "enchantability": 2,
    "damageVsEntity": 8.0,
    "usageCount": 256,
    "blocksAffected": [],
    "hasGlow": false,
    "repairItems": [],
    "immuneToFire": false,
    "stayInGridWhenCrafting": false,
    "damageOnCrafting": false
  }
}