{
  "_fv": 45,
  "_type": "recipe",
  "definition": {
    "recipeType": "Crafting",
    "recipeRetstackSize": 1,
    "group": "",
    "cookingBookCategory": "MISC",
    "xpReward": 0.0,
    "cookingTime": 200,
    "craftingBookCategory": "MISC",
    "recipeShapeless": false,
    "recipeSlots": [
      {
        "value": "CUSTOM:Tinwirewithrubber"
      },
      {
        "value": "CUSTOM:Tinwirewithrubber"
      },
      {
        "value": "CUSTOM:Tinwirewithrubber"
      },
      {
        "value": "Items.REDSTONE"
      },
      {
        "value": "CUSTOM:Ironplate"
      },
      {
        "value": "Items.REDSTONE"
      },
      {
        "value": "CUSTOM:Tinwirewithrubber"
      },
      {
        "value": "CUSTOM:Tinwirewithrubber"
      },
      {
        "value": "CUSTOM:Tinwirewithrubber"
      }
    ],
    "recipeReturnStack": {
      "value": "CUSTOM:Electricalcircuit"
    },
    "name": "electricalcircuitcraft",
    "namespace": "mod"
  }
}