{
  "_fv": 45,
  "_type": "tool",
  "definition": {
    "toolType": "Pickaxe",
    "renderType": 0,
    "texture": "tin_pickaxe",
    "customModelName": "Normal",
    "name": "Tin Pickaxe",
    "specialInfo": [],
    "creativeTab": {
      "value": "CUSTOM:Creativeworldtools"
    },
    "harvestLevel": 2,
    "efficiency": 5.0,
    "attackSpeed": 1.0,
    "enchantability": 11,
    "damageVsEntity": 2.0,
    "usageCount": 183,
    "blocksAffected": [],
    "hasGlow": false,
    "repairItems": [
      {
        "value": "CUSTOM:TinIngot"
      }
    ],
    "immuneToFire": false,
    "stayInGridWhenCrafting": false,
    "damageOnCrafting": false
  }
}