{
  "credit": "Made with Blockbench",
  "elements": [
    {
      "from": [
        6,
        7,
        0
      ],
      "to": [
        10,
        11,
        8
      ],
      "faces": {
        "north": {
          "uv": [
            0,
            0,
            16,
            16
          ],
          "rotation": 180,
          "texture": "#0"
        },
        "east": {
          "uv": [
            0,
            0,
            16,
            16
          ],
          "rotation": 270,
          "texture": "#0"
        },
        "south": {
          "uv": [
            0,
            0,
            16,
            16
          ],
          "texture": "#0"
        },
        "west": {
          "uv": [
            0,
            0,
            16,
            16
          ],
          "rotation": 90,
          "texture": "#0"
        },
        "up": {
          "uv": [
            0,
            0,
            16,
            16
          ],
          "rotation": 180,
          "texture": "#0"
        },
        "down": {
          "uv": [
            0,
            0,
            16,
            16
          ],
          "texture": "#0"
        }
      }
    },
    {
      "from": [
        10,
        7,
        4
      ],
      "to": [
        16,
        11,
        8
      ],
      "faces": {
        "north": {
          "uv": [
            0,
            0,
            6,
            4
          ],
          "texture": "#0"
        },
        "east": {
          "uv": [
            0,
            0,
            4,
            4
          ],
          "texture": "#0"
        },
        "south": {
          "uv": [
            0,
            0,
            6,
            4
          ],
          "texture": "#0"
        },
        "west": {
          "uv": [
            0,
            0,
            4,
            4
          ],
          "texture": "#missing"
        },
        "up": {
          "uv": [
            0,
            0,
            6,
            4
          ],
          "texture": "#0"
        },
        "down": {
          "uv": [
            0,
            0,
            6,
            4
          ],
          "texture": "#0"
        }
      }
    }
  ]
}