{
  "_fv": 18,
  "_type": "tool",
  "definition": {
    "renderType": 0,
    "texture": "ftdgdfg",
    "customModelName": "Normal",
    "name": "Bedrockbreacer",
    "specialInfo": [],
    "creativeTab": {
      "value": "TOOLS"
    },
    "toolType": "MultiTool",
    "harvestLevel": 4,
    "efficiency": 10.0,
    "attackSpeed": 1.0,
    "enchantability": 20,
    "damageVsEntity": 5.0,
    "usageCount": 2000,
    "blocksAffected": [],
    "hasGlow": false,
    "repairItems": [
      {
        "value": "Blocks.NETHERITE_BLOCK"
      }
    ],
    "immuneToFire": true,
    "stayInGridWhenCrafting": false,
    "damageOnCrafting": false,
    "onRightClickedOnBlock": {
      "name": "BedrockbreacerKoghdaNazhataPKMPoBloku"
    }
  }
}