{
  "_fv": 34,
  "_type": "tool",
  "definition": {
    "renderType": 0,
    "texture": "sefsdf",
    "customModelName": "Normal",
    "name": "Iron hammer",
    "specialInfo": [],
    "creativeTab": {
      "value": "CUSTOM:Creativeworldtools"
    },
    "toolType": "Special",
    "harvestLevel": 1,
    "efficiency": 4.0,
    "attackSpeed": 1.0,
    "enchantability": 2,
    "damageVsEntity": 4.0,
    "usageCount": 80,
    "blocksAffected": [],
    "hasGlow": false,
    "repairItems": [
      {
        "value": "Items.IRON_INGOT"
      }
    ],
    "immuneToFire": false,
    "stayInGridWhenCrafting": true,
    "damageOnCrafting": true
  }
}