{
  "_fv": 24,
  "_type": "food",
  "definition": {
    "renderType": 0,
    "texture": "edfdgfg",
    "customModelName": "Normal",
    "name": "Sdfghn",
    "rarity": "EPIC",
    "specialInfo": [],
    "creativeTab": {
      "value": "FOOD"
    },
    "stackSize": 1,
    "nutritionalValue": 10,
    "saturation": 10.0,
    "eatingSpeed": 64,
    "resultItem": {
      "value": "CUSTOM:Thecoreofmatter"
    },
    "forDogs": false,
    "isAlwaysEdible": true,
    "animation": "eat",
    "hasGlow": false
  }
}