{
  "_fv": 34,
  "_type": "recipe",
  "definition": {
    "recipeType": "Crafting",
    "xpReward": 0.0,
    "cookingTime": 200,
    "recipeRetstackSize": 1,
    "group": "",
    "recipeShapeless": false,
    "recipeSlots": [
      {
        "value": "CUSTOM:Carbonplate"
      },
      {
        "value": "CUSTOM:Creativiumnugget"
      },
      {
        "value": "CUSTOM:Carbonplate"
      },
      {
        "value": "CUSTOM:Accumulatiumnugget"
      },
      {
        "value": "CUSTOM:Machinecase"
      },
      {
        "value": "CUSTOM:Accumulatiumnugget"
      },
      {
        "value": "CUSTOM:Carbonplate"
      },
      {
        "value": "CUSTOM:Creativiumnugget"
      },
      {
        "value": "CUSTOM:Carbonplate"
      }
    ],
    "recipeReturnStack": {
      "value": "CUSTOM:Advencedmachinecase"
    },
    "name": "advencedmachinecasecraft_2",
    "namespace": "mod"
  }
}