{
  "_fv": 34,
  "_type": "overlay",
  "definition": {
    "priority": "NORMAL",
    "components": [
      {
        "type": "image",
        "data": {
          "image": "speeeeeeeeed.png",
          "use1Xscale": true,
          "name": "speeeeeeeeed.png",
          "x": -313,
          "y": -385
        }
      }
    ],
    "baseTexture": "",
    "overlayTarget": "Ingame",
    "gridSettings": {
      "sx": 18,
      "sy": 18,
      "ox": 11,
      "oy": 15,
      "snapOnGrid": false
    }
  }
}