{
	"credit": "Made with Blockbench",
	"texture_size": [32, 32],
	"textures": {
		"2": "4 w",
		"particle": "4 w"
	},
	"elements": [
		{
			"from": [6, 6, 0],
			"to": [10, 10, 16],
			"faces": {
				"north": {"uv": [4, 4, 6, 6], "texture": "#2"},
				"east": {"uv": [0, 0, 8, 2], "texture": "#2"},
				"south": {"uv": [4, 6, 6, 8], "texture": "#2"},
				"west": {"uv": [0, 2, 8, 4], "texture": "#2"},
				"up": {"uv": [2, 12, 0, 4], "texture": "#2"},
				"down": {"uv": [4, 4, 2, 12], "texture": "#2"}
			}
		}
	]
}