{
  "_fv": 25,
  "_type": "item",
  "definition": {
    "renderType": 0,
    "texture": "new_bettery",
    "customModelName": "Normal",
    "name": "Battery",
    "rarity": "COMMON",
    "creativeTab": {
      "value": "CUSTOM:CreativeWor1d"
    },
    "stackSize": 1,
    "enchantability": 0,
    "useDuration": 0,
    "toolType": 1.0,
    "damageCount": 1001,
    "recipeRemainder": {
      "value": ""
    },
    "destroyAnyBlock": false,
    "immuneToFire": false,
    "stayInGridWhenCrafting": false,
    "damageOnCrafting": false,
    "enableMeleeDamage": false,
    "damageVsEntity": 0.0,
    "specialInfo": [],
    "hasGlow": false,
    "guiBoundTo": "<NONE>",
    "inventorySize": 9,
    "inventoryStackSize": 64,
    "onCrafted": {
      "name": "BatteryKoghdaPriedmietIzghotovlienpierieplavlien"
    },
    "hasDispenseBehavior": false
  }
}