{
  "_fv": 25,
  "_type": "gui",
  "definition": {
    "type": 1,
    "width": 176,
    "height": 166,
    "inventoryOffsetX": 0,
    "inventoryOffsetY": 0,
    "renderBgLayer": true,
    "doesPauseGame": false,
    "components": [
      {
        "type": "outputslot",
        "data": {
          "id": 0,
          "disableStackInteraction": false,
          "dropItemsWhenNotBound": true,
          "name": "Slot #0",
          "x": 177,
          "y": 53
        }
      },
      {
        "type": "inputslot",
        "data": {
          "inputLimit": {
            "value": ""
          },
          "id": 1,
          "disableStackInteraction": false,
          "dropItemsWhenNotBound": true,
          "name": "Slot #1",
          "x": 177,
          "y": 89
        }
      },
      {
        "type": "image",
        "data": {
          "image": "hfgfgf.png",
          "use1Xscale": false,
          "name": "hfgfgf.png",
          "x": 443,
          "y": 223
        }
      },
      {
        "type": "label",
        "data": {
          "text": "<energy>",
          "color": {
            "value": -12829636,
            "falpha": 0.0
          },
          "name": "<energy>",
          "x": 537,
          "y": 206
        }
      },
      {
        "type": "label",
        "data": {
          "text": "FE",
          "color": {
            "value": -12829636,
            "falpha": 0.0
          },
          "name": "FE",
          "x": 573,
          "y": 206
        }
      }
    ],
    "gridSettings": {
      "sx": 18,
      "sy": 18,
      "ox": 11,
      "oy": 15,
      "snapOnGrid": true
    }
  }
}