{
  "_fv": 25,
  "_type": "structure",
  "definition": {
    "structure": "medium_oil_mine",
    "randomlyRotateStructure": true,
    "surfaceDetectionType": "First motion blocking block",
    "spawnProbability": 5000,
    "minCountPerChunk": 1,
    "maxCountPerChunk": 16,
    "spawnLocation": "Underground",
    "spawnHeightOffset": 0,
    "spawnXOffset": 0,
    "spawnZOffset": 0,
    "spawnWorldTypes": [
      "Surface"
    ],
    "restrictionBlocks": [
      {
        "value": "Blocks.STONE#0"
      }
    ],
    "restrictionBiomes": [],
    "ignoreBlocks": "STRUCTURE_BLOCK"
  }
}