{
  "_fv": 18,
  "_type": "recipe",
  "definition": {
    "recipeType": "Crafting",
    "xpReward": 0.0,
    "cookingTime": 200,
    "recipeRetstackSize": 1,
    "group": "",
    "recipeShapeless": false,
    "recipeSlots": [
      {
        "value": "Items.REDSTONE"
      },
      {
        "value": "Blocks.GOLD_BLOCK"
      },
      {
        "value": "Items.REDSTONE"
      },
      {
        "value": "Blocks.IRON_BLOCK"
      },
      {
        "value": "Blocks.DIAMOND_BLOCK"
      },
      {
        "value": "Blocks.IRON_BLOCK"
      },
      {
        "value": "Items.REDSTONE"
      },
      {
        "value": "Blocks.GOLD_BLOCK"
      },
      {
        "value": "Items.REDSTONE"
      }
    ],
    "recipeReturnStack": {
      "value": "CUSTOM:Coreforming"
    },
    "name": "sfdfd",
    "namespace": "mod"
  }
}