{
  "_fv": 25,
  "_type": "recipe",
  "definition": {
    "recipeType": "Crafting",
    "xpReward": 0.0,
    "cookingTime": 200,
    "recipeRetstackSize": 1,
    "group": "",
    "recipeShapeless": false,
    "recipeSlots": [
      {
        "value": "Items.TOTEM_OF_UNDYING"
      },
      {
        "value": "CUSTOM:Creatingcore"
      },
      {
        "value": "Items.TOTEM_OF_UNDYING"
      },
      {
        "value": "Blocks.NETHERITE_BLOCK"
      },
      {
        "value": "Blocks.COMMAND_BLOCK"
      },
      {
        "value": "Blocks.NETHERITE_BLOCK"
      },
      {
        "value": "Items.TOTEM_OF_UNDYING"
      },
      {
        "value": "CUSTOM:Creatingcore"
      },
      {
        "value": "Items.TOTEM_OF_UNDYING"
      }
    ],
    "recipeReturnStack": {
      "value": "CUSTOM:Creativemod"
    },
    "name": "xcdfvgbhnj",
    "namespace": "mod"
  }
}