{
	"credit": "Made with Blockbench",
	"texture_size": [32, 32],
	"textures": {
		"0": "TinW17",
		"particle": "TinW17"
	},
	"elements": [
		{
			"from": [6, 6, 10],
			"to": [10, 10, 16],
			"faces": {
				"north": {"uv": [8, 8, 10, 10], "texture": "#0"},
				"east": {"uv": [5, 2, 8, 4], "texture": "#0"},
				"south": {"uv": [0, 9, 2, 11], "texture": "#0"},
				"west": {"uv": [5, 4, 8, 6], "texture": "#0"},
				"up": {"uv": [2, 9, 0, 6], "texture": "#0"},
				"down": {"uv": [4, 6, 2, 9], "texture": "#0"}
			}
		},
		{
			"from": [6, 6, 6],
			"to": [16, 10, 10],
			"faces": {
				"north": {"uv": [0, 0, 5, 2], "texture": "#0"},
				"east": {"uv": [2, 9, 4, 11], "texture": "#0"},
				"south": {"uv": [0, 2, 5, 4], "texture": "#0"},
				"west": {"uv": [4, 9, 6, 11], "texture": "#0"},
				"up": {"uv": [5, 6, 0, 4], "texture": "#0"},
				"down": {"uv": [10, 0, 5, 2], "texture": "#0"}
			}
		},
		{
			"from": [6, 0, 6],
			"to": [10, 6, 10],
			"faces": {
				"north": {"uv": [4, 6, 6, 9], "texture": "#0"},
				"east": {"uv": [6, 6, 8, 9], "texture": "#0"},
				"south": {"uv": [8, 2, 10, 5], "texture": "#0"},
				"west": {"uv": [8, 5, 10, 8], "texture": "#0"},
				"up": {"uv": [8, 11, 6, 9], "texture": "#0"},
				"down": {"uv": [12, 0, 10, 2], "texture": "#0"}
			}
		}
	],
	"groups": [
		{
			"name": "group",
			"origin": [8, 8, 8],
			"color": 0,
			"children": [0, 1, 2]
		}
	]
}