{
  "_fv": 18,
  "_type": "recipe",
  "definition": {
    "recipeType": "Crafting",
    "xpReward": 0.0,
    "cookingTime": 200,
    "recipeRetstackSize": 1,
    "group": "",
    "recipeShapeless": true,
    "recipeSlots": [
      {
        "value": "Items.NETHERITE_INGOT"
      },
      {
        "value": "CUSTOM:Coreforming"
      },
      {
        "value": "Items.NETHERITE_INGOT"
      },
      {
        "value": "Items.NETHERITE_INGOT"
      },
      {
        "value": "Items.NETHER_STAR"
      },
      {
        "value": "Items.NETHERITE_INGOT"
      },
      {
        "value": "Items.NETHERITE_INGOT"
      },
      {
        "value": "CUSTOM:Corematter"
      },
      {
        "value": "Items.NETHERITE_INGOT"
      }
    ],
    "recipeReturnStack": {
      "value": "CUSTOM:Creationcore"
    },
    "name": "dfdf",
    "namespace": "mod"
  }
}