{
	"credit": "Made with Blockbench",
	"elements": [
		{
			"from": [0, 8, 6],
			"to": [16, 11, 9],
			"color": 2,
			"faces": {
				"north": {"uv": [0, 0, 16, 3], "texture": "#missing"},
				"east": {"uv": [0, 0, 3, 3], "texture": "#missing"},
				"south": {"uv": [0, 0, 16, 3], "texture": "#missing"},
				"west": {"uv": [0, 0, 3, 3], "texture": "#missing"},
				"up": {"uv": [0, 0, 16, 3], "texture": "#missing"},
				"down": {"uv": [0, 0, 16, 3], "texture": "#missing"}
			}
		}
	],
	"display": {}
}