{
  "_fv": 34,
  "_type": "tool",
  "definition": {
    "renderType": 0,
    "texture": "accumulatium_hoe",
    "customModelName": "Normal",
    "name": "Accumulatium Hoe",
    "specialInfo": [],
    "creativeTab": {
      "value": "CUSTOM:CreativeWor1d"
    },
    "toolType": "Hoe",
    "harvestLevel": 12,
    "efficiency": 18.0,
    "attackSpeed": 12.0,
    "enchantability": 84,
    "damageVsEntity": 2.0,
    "usageCount": 3072,
    "blocksAffected": [],
    "hasGlow": false,
    "repairItems": [
      {
        "value": "CUSTOM:AccumulatiumIngot"
      }
    ],
    "immuneToFire": false,
    "stayInGridWhenCrafting": false,
    "damageOnCrafting": false
  }
}