{
  "_fv": 34,
  "_type": "tool",
  "definition": {
    "renderType": 0,
    "texture": "composite_plate_tool_pickaxe",
    "customModelName": "Normal",
    "name": "Composite_plate_tool Pickaxe",
    "specialInfo": [],
    "creativeTab": {
      "value": "TOOLS"
    },
    "toolType": "Pickaxe",
    "harvestLevel": 6,
    "efficiency": 12.0,
    "attackSpeed": 1.0,
    "enchantability": 42,
    "damageVsEntity": 6.0,
    "usageCount": 1164,
    "blocksAffected": [],
    "hasGlow": false,
    "repairItems": [
      {
        "value": "CUSTOM:Compositeplate"
      }
    ],
    "immuneToFire": false,
    "stayInGridWhenCrafting": false,
    "damageOnCrafting": false
  }
}