{
  "_fv": 34,
  "_type": "armor",
  "definition": {
    "enableHelmet": true,
    "textureHelmet": "composite_plate_armor_head",
    "enableBody": true,
    "textureBody": "composite_plate_armor_body",
    "enableLeggings": true,
    "textureLeggings": "composite_plate_armor_leggings",
    "enableBoots": true,
    "textureBoots": "composite_plate_armor_boots",
    "creativeTab": {
      "value": "COMBAT"
    },
    "armorTextureFile": "composite_plate_armor",
    "helmetName": "Composite_plate_armor Helmet",
    "bodyName": "Composite_plate_armor Chestplate",
    "leggingsName": "Composite_plate_armor Leggings",
    "bootsName": "Composite_plate_armor Boots",
    "helmetSpecialInfo": [],
    "bodySpecialInfo": [],
    "leggingsSpecialInfo": [],
    "bootsSpecialInfo": [],
    "helmetModelName": "Default",
    "helmetModelPart": "Helmet",
    "helmetModelTexture": "From armor",
    "bodyModelName": "Default",
    "bodyModelPart": "Body",
    "armsModelPartL": "Arms L",
    "armsModelPartR": "Arms R",
    "bodyModelTexture": "From armor",
    "leggingsModelName": "Default",
    "leggingsModelPartL": "Leggings L",
    "leggingsModelPartR": "Leggings R",
    "leggingsModelTexture": "From armor",
    "bootsModelName": "Default",
    "bootsModelPartL": "Boots L",
    "bootsModelPartR": "Boots R",
    "bootsModelTexture": "From armor",
    "helmetImmuneToFire": false,
    "bodyImmuneToFire": false,
    "leggingsImmuneToFire": false,
    "bootsImmuneToFire": false,
    "maxDamage": 45,
    "damageValueHelmet": 6,
    "damageValueBody": 15,
    "damageValueLeggings": 18,
    "damageValueBoots": 6,
    "enchantability": 27,
    "toughness": 0.0,
    "knockbackResistance": 0.0,
    "equipSound": {
      "value": ""
    },
    "repairItems": [
      {
        "value": "CUSTOM:Compositeplate"
      }
    ]
  }
}