{
  "_fv": 34,
  "_type": "armor",
  "definition": {
    "enableHelmet": true,
    "textureHelmet": "creativium_head",
    "enableBody": true,
    "textureBody": "creativium_body",
    "enableLeggings": true,
    "textureLeggings": "creativium_leggings",
    "enableBoots": true,
    "textureBoots": "creativium_boots",
    "creativeTab": {
      "value": "CUSTOM:CreativeWor1d"
    },
    "armorTextureFile": "creativium",
    "helmetName": "Creativium Helmet",
    "bodyName": "Creativium Chestplate",
    "leggingsName": "Creativium Leggings",
    "bootsName": "Creativium Boots",
    "helmetSpecialInfo": [],
    "bodySpecialInfo": [],
    "leggingsSpecialInfo": [],
    "bootsSpecialInfo": [],
    "helmetModelName": "Default",
    "helmetModelPart": "Helmet",
    "helmetModelTexture": "From armor",
    "bodyModelName": "Default",
    "bodyModelPart": "Body",
    "armsModelPartL": "Arms L",
    "armsModelPartR": "Arms R",
    "bodyModelTexture": "From armor",
    "leggingsModelName": "Default",
    "leggingsModelPartL": "Leggings L",
    "leggingsModelPartR": "Leggings R",
    "leggingsModelTexture": "From armor",
    "bootsModelName": "Default",
    "bootsModelPartL": "Boots L",
    "bootsModelPartR": "Boots R",
    "bootsModelTexture": "From armor",
    "helmetImmuneToFire": false,
    "bodyImmuneToFire": false,
    "leggingsImmuneToFire": false,
    "bootsImmuneToFire": false,
    "maxDamage": 125,
    "damageValueHelmet": 16,
    "damageValueBody": 40,
    "damageValueLeggings": 48,
    "damageValueBoots": 16,
    "enchantability": 72,
    "toughness": 4.0,
    "knockbackResistance": 1.0,
    "equipSound": {
      "value": ""
    },
    "repairItems": [
      {
        "value": "CUSTOM:CreativiumIngot"
      }
    ]
  }
}