{
	"credit": "Made with Blockbench",
	"texture_size": [32, 32],
	"textures": {
		"1": "w wo r 1",
		"particle": "w w r 1"
	},
	"elements": [
		{
			"from": [7, 6, 0],
			"to": [11, 10, 16],
			"faces": {
				"north": {"uv": [4, 4, 6, 6], "texture": "#1"},
				"east": {"uv": [0, 0, 8, 2], "texture": "#1"},
				"south": {"uv": [4, 6, 6, 8], "texture": "#1"},
				"west": {"uv": [0, 2, 8, 4], "texture": "#1"},
				"up": {"uv": [2, 12, 0, 4], "texture": "#1"},
				"down": {"uv": [4, 4, 2, 12], "texture": "#1"}
			}
		}
	]
}