{
	"credit": "Made with Blockbench",
	"texture_size": [32, 32],
	"textures": {
		"0": "stationary_particle_binder",
		"particle": "stationary_particle_binder"
	},
	"elements": [
		{
			"from": [2, 0, 7],
			"to": [4, 4, 9],
			"rotation": {"angle": 22.5, "axis": "z", "origin": [0, 0, 0]},
			"faces": {
				"north": {"uv": [10, 6, 11, 8], "texture": "#0"},
				"east": {"uv": [7, 10, 8, 12], "texture": "#0"},
				"south": {"uv": [8, 10, 9, 12], "texture": "#0"},
				"west": {"uv": [9, 10, 10, 12], "texture": "#0"},
				"up": {"uv": [13, 5, 12, 4], "texture": "#0"},
				"down": {"uv": [7, 12, 6, 13], "texture": "#0"}
			}
		},
		{
			"from": [7, -8, 13],
			"to": [9, -2, 15],
			"rotation": {"angle": -45, "axis": "x", "origin": [0, 0, 0]},
			"faces": {
				"north": {"uv": [4, 0, 5, 3], "texture": "#0"},
				"east": {"uv": [4, 3, 5, 6], "texture": "#0"},
				"south": {"uv": [5, 0, 6, 3], "texture": "#0"},
				"west": {"uv": [5, 3, 6, 6], "texture": "#0"},
				"up": {"uv": [13, 7, 12, 6], "texture": "#0"},
				"down": {"uv": [8, 12, 7, 13], "texture": "#0"}
			}
		},
		{
			"from": [13, -8, 7],
			"to": [15, -2, 9],
			"rotation": {"angle": 45, "axis": "z", "origin": [0, 0, 0]},
			"faces": {
				"north": {"uv": [0, 6, 1, 9], "texture": "#0"},
				"east": {"uv": [6, 0, 7, 3], "texture": "#0"},
				"south": {"uv": [1, 6, 2, 9], "texture": "#0"},
				"west": {"uv": [2, 6, 3, 9], "texture": "#0"},
				"up": {"uv": [13, 8, 12, 7], "texture": "#0"},
				"down": {"uv": [9, 12, 8, 13], "texture": "#0"}
			}
		},
		{
			"from": [7, 4, -3],
			"to": [9, 10, -1],
			"rotation": {"angle": 45, "axis": "x", "origin": [0, 0, 0]},
			"faces": {
				"north": {"uv": [3, 6, 4, 9], "texture": "#0"},
				"east": {"uv": [6, 3, 7, 6], "texture": "#0"},
				"south": {"uv": [4, 6, 5, 9], "texture": "#0"},
				"west": {"uv": [5, 6, 6, 9], "texture": "#0"},
				"up": {"uv": [13, 9, 12, 8], "texture": "#0"},
				"down": {"uv": [10, 12, 9, 13], "texture": "#0"}
			}
		},
		{
			"from": [-3, 4, 7],
			"to": [-1, 10, 9],
			"rotation": {"angle": -45, "axis": "z", "origin": [0, 0, 0]},
			"faces": {
				"north": {"uv": [6, 6, 7, 9], "texture": "#0"},
				"east": {"uv": [7, 0, 8, 3], "texture": "#0"},
				"south": {"uv": [7, 3, 8, 6], "texture": "#0"},
				"west": {"uv": [7, 6, 8, 9], "texture": "#0"},
				"up": {"uv": [13, 10, 12, 9], "texture": "#0"},
				"down": {"uv": [13, 10, 12, 11], "texture": "#0"}
			}
		},
		{
			"from": [7, 0, 2],
			"to": [9, 4, 4],
			"rotation": {"angle": -22.5, "axis": "x", "origin": [0, 0, 0]},
			"faces": {
				"north": {"uv": [10, 9, 11, 11], "texture": "#0"},
				"east": {"uv": [0, 11, 1, 13], "texture": "#0"},
				"south": {"uv": [11, 0, 12, 2], "texture": "#0"},
				"west": {"uv": [1, 11, 2, 13], "texture": "#0"},
				"up": {"uv": [12, 13, 11, 12], "texture": "#0"},
				"down": {"uv": [13, 11, 12, 12], "texture": "#0"}
			}
		},
		{
			"from": [7, 6, 11],
			"to": [9, 10, 13],
			"rotation": {"angle": 22.5, "axis": "x", "origin": [0, 0, 0]},
			"faces": {
				"north": {"uv": [2, 11, 3, 13], "texture": "#0"},
				"east": {"uv": [3, 11, 4, 13], "texture": "#0"},
				"south": {"uv": [4, 11, 5, 13], "texture": "#0"},
				"west": {"uv": [5, 11, 6, 13], "texture": "#0"},
				"up": {"uv": [13, 13, 12, 12], "texture": "#0"},
				"down": {"uv": [1, 13, 0, 14], "texture": "#0"}
			}
		},
		{
			"from": [11, 6, 7],
			"to": [13, 10, 9],
			"rotation": {"angle": -22.5, "axis": "z", "origin": [0, 0, 0]},
			"faces": {
				"north": {"uv": [11, 6, 12, 8], "texture": "#0"},
				"east": {"uv": [11, 8, 12, 10], "texture": "#0"},
				"south": {"uv": [10, 11, 11, 13], "texture": "#0"},
				"west": {"uv": [11, 10, 12, 12], "texture": "#0"},
				"up": {"uv": [2, 14, 1, 13], "texture": "#0"},
				"down": {"uv": [3, 13, 2, 14], "texture": "#0"}
			}
		},
		{
			"from": [7, 0, 9],
			"to": [9, 2, 15],
			"faces": {
				"north": {"uv": [3, 13, 4, 14], "texture": "#0"},
				"east": {"uv": [8, 0, 11, 1], "texture": "#0"},
				"south": {"uv": [4, 13, 5, 14], "texture": "#0"},
				"west": {"uv": [8, 1, 11, 2], "texture": "#0"},
				"up": {"uv": [9, 5, 8, 2], "texture": "#0"},
				"down": {"uv": [9, 5, 8, 8], "texture": "#0"}
			}
		},
		{
			"from": [9, 0, 7],
			"to": [15, 2, 9],
			"faces": {
				"north": {"uv": [8, 8, 11, 9], "texture": "#0"},
				"east": {"uv": [13, 4, 14, 5], "texture": "#0"},
				"south": {"uv": [0, 9, 3, 10], "texture": "#0"},
				"west": {"uv": [5, 13, 6, 14], "texture": "#0"},
				"up": {"uv": [12, 3, 9, 2], "texture": "#0"},
				"down": {"uv": [6, 9, 3, 10], "texture": "#0"}
			}
		},
		{
			"from": [7, 0, 1],
			"to": [9, 2, 7],
			"faces": {
				"north": {"uv": [13, 5, 14, 6], "texture": "#0"},
				"east": {"uv": [9, 3, 12, 4], "texture": "#0"},
				"south": {"uv": [6, 13, 7, 14], "texture": "#0"},
				"west": {"uv": [9, 4, 12, 5], "texture": "#0"},
				"up": {"uv": [10, 8, 9, 5], "texture": "#0"},
				"down": {"uv": [7, 9, 6, 12], "texture": "#0"}
			}
		},
		{
			"from": [3, 0, 7],
			"to": [7, 2, 9],
			"faces": {
				"north": {"uv": [12, 0, 14, 1], "texture": "#0"},
				"east": {"uv": [13, 6, 14, 7], "texture": "#0"},
				"south": {"uv": [12, 1, 14, 2], "texture": "#0"},
				"west": {"uv": [7, 13, 8, 14], "texture": "#0"},
				"up": {"uv": [14, 3, 12, 2], "texture": "#0"},
				"down": {"uv": [14, 3, 12, 4], "texture": "#0"}
			}
		},
		{
			"from": [1, 0, 7],
			"to": [7, 2, 9],
			"faces": {
				"north": {"uv": [7, 9, 10, 10], "texture": "#0"},
				"east": {"uv": [13, 7, 14, 8], "texture": "#0"},
				"south": {"uv": [0, 10, 3, 11], "texture": "#0"},
				"west": {"uv": [8, 13, 9, 14], "texture": "#0"},
				"up": {"uv": [6, 11, 3, 10], "texture": "#0"},
				"down": {"uv": [13, 5, 10, 6], "texture": "#0"}
			}
		},
		{
			"from": [7, 0, 7],
			"to": [9, 12, 9],
			"faces": {
				"north": {"uv": [0, 0, 1, 6], "texture": "#0"},
				"east": {"uv": [1, 0, 2, 6], "texture": "#0"},
				"south": {"uv": [2, 0, 3, 6], "texture": "#0"},
				"west": {"uv": [3, 0, 4, 6], "texture": "#0"},
				"up": {"uv": [14, 9, 13, 8], "texture": "#0"},
				"down": {"uv": [10, 13, 9, 14], "texture": "#0"}
			}
		}
	],
	"display": {},
	"groups": [
		{
			"name": "group",
			"origin": [8, 8, 8],
			"color": 0,
			"children": [0, 1, 2, 3, 4, 5, 6, 7, 8, 9, 10, 11, 12, 13]
		}
	]
}