{
	"credit": "Made with Blockbench",
	"texture_size": [32, 32],
	"textures": {
		"0": "w9",
		"particle": "w9"
	},
	"elements": [
		{
			"from": [6, 10, 6],
			"to": [10, 16, 10],
			"faces": {
				"north": {"uv": [4, 4, 6, 7], "texture": "#0"},
				"east": {"uv": [5, 0, 7, 3], "texture": "#0"},
				"south": {"uv": [6, 3, 8, 6], "texture": "#0"},
				"west": {"uv": [6, 6, 8, 9], "texture": "#0"},
				"up": {"uv": [9, 2, 7, 0], "texture": "#0"},
				"down": {"uv": [6, 7, 4, 9], "texture": "#0"}
			}
		},
		{
			"from": [6, 6, 0],
			"to": [10, 10, 10],
			"faces": {
				"north": {"uv": [8, 2, 10, 4], "texture": "#0"},
				"east": {"uv": [0, 0, 5, 2], "texture": "#0"},
				"south": {"uv": [8, 4, 10, 6], "texture": "#0"},
				"west": {"uv": [0, 2, 5, 4], "texture": "#0"},
				"up": {"uv": [2, 9, 0, 4], "texture": "#0"},
				"down": {"uv": [4, 4, 2, 9], "texture": "#0"}
			}
		}
	],
	"groups": [
		{
			"name": "group",
			"origin": [8, 8, 8],
			"color": 0,
			"children": [0, 1]
		}
	]
}