{
	"credit": "Made with Blockbench",
	"texture_size": [32, 32],
	"textures": {
		"0": "w10",
		"particle": "w10"
	},
	"elements": [
		{
			"from": [6, 10, 6],
			"to": [10, 16, 10],
			"faces": {
				"north": {"uv": [5, 2, 7, 5], "texture": "#0"},
				"east": {"uv": [5, 5, 7, 8], "texture": "#0"},
				"south": {"uv": [0, 6, 2, 9], "texture": "#0"},
				"west": {"uv": [2, 6, 4, 9], "texture": "#0"},
				"up": {"uv": [9, 4, 7, 2], "texture": "#0"},
				"down": {"uv": [9, 4, 7, 6], "texture": "#0"}
			}
		},
		{
			"from": [0, 6, 6],
			"to": [10, 10, 10],
			"faces": {
				"north": {"uv": [0, 0, 5, 2], "texture": "#0"},
				"east": {"uv": [7, 6, 9, 8], "texture": "#0"},
				"south": {"uv": [0, 2, 5, 4], "texture": "#0"},
				"west": {"uv": [4, 8, 6, 10], "texture": "#0"},
				"up": {"uv": [5, 6, 0, 4], "texture": "#0"},
				"down": {"uv": [10, 0, 5, 2], "texture": "#0"}
			}
		}
	],
	"groups": [
		{
			"name": "group",
			"origin": [8, 8, 8],
			"color": 0,
			"children": [0, 1]
		}
	]
}